parent,child
38730,21
48221,71
40053,73
45983,273
43281,278
37391,279
40827,327
36923,412
36649,419
43726,420
39175,432
36915,476
36917,477
47023,548
40598,549
39552,550
41839,552
36516,587
36919,707
39805,727
39573,798
40931,799
38845,800
44188,801
36650,908
39734,920
49177,941
36616,953
45983,1065
37583,1066
45846,1067
39170,1072
39930,1112
41012,1226
38712,1290
38712,1291
42277,1292
42929,1293
36627,1294
38839,1354
36881,1516
42275,1564
36892,1568
42069,1658
44343,1711
49533,1846
40827,1862
36896,1864
36907,1865
36623,1899
38941,1920
42730,1937
37785,1943
47084,2009
39643,2011
36510,2013
40827,2117
41782,2223
37721,2286
36630,2299
38831,2418
45647,2419
49883,2420
39838,2422
36637,2423
41423,2425
42275,2426
42276,2427
37522,2428
42069,2429
39911,2432
40741,2481
36627,2638
41783,2739
41423,2766
39824,2767
39317,2768
37586,2769
39837,2770
36649,2771
36512,2856
40641,2859
45133,2943
41781,3019
36516,3226
38944,3233
37785,3257
39552,3263
36907,3489
36881,3490
39930,3492
42278,3493
37586,3551
41734,3552
36649,3553
45647,3554
39848,3555
36627,3567
36900,3568
36730,3569
36936,3572
38336,3574
43726,3575
36728,3607
39735,3731
36722,3738
37788,3739
40229,3747
36919,3766
36907,3818
36649,3928
36631,3938
39930,3955
39550,3956
36512,3957
44941,4006
44232,4007
39809,4035
39809,4037
36512,4060
39570,4099
38839,4100
39569,4101
44232,4173
36649,4174
37586,4175
45647,4176
40229,4199
38731,4200
39830,4201
37496,4202
41829,4226
37579,4227
38968,4245
44713,4272
41840,4280
43855,4293
39785,4315
45489,4351
39830,4352
47085,4354
36929,4364
36728,4365
37889,4366
36623,4368
37585,4402
42849,4418
38833,4497
36516,4498
37391,4499
41017,4514
37391,4515
43580,4554
36631,4555
46815,4556
36511,4595
45983,4698
43286,4699
39838,5052
41423,5056
47070,5058
38832,5065
46823,5071
39833,5072
48738,5084
45983,5086
46943,5167
39859,5174
39859,5175
47704,5176
37586,5177
36626,5228
48041,7414
41230,7415
42275,7416
38835,7447
48221,7452
37888,7494
41734,7539
39837,7540
39808,7541
37586,7542
39318,7543
39837,7544
37581,7546
41017,7592
44572,7594
39840,7595
39814,7597
36919,7608
36623,7692
37786,8270
39806,8356
39806,8357
37586,8360
36920,8361
39426,8743
36907,8923
36514,8924
36720,9023
39645,9027
38836,9664
40743,9674
36631,9751
42730,9764
41015,9769
42276,9812
46535,9813
36510,9834
42934,9864
40082,10141
38724,10177
38944,10202
37890,10203
38731,10208
47142,10273
39553,10276
44711,10282
47054,10283
45983,10416
42928,10426
42928,10427
38941,10428
47395,10429
47080,10477
42930,10484
49807,10486
47079,10493
40827,10494
48851,10496
47081,10497
40742,10499
47080,10500
47089,10506
47081,10517
47076,10518
47079,10519
47078,10520
47082,10526
47086,10527
47077,10528
36514,10590
47085,10637
47087,10638
47088,10639
47083,10640
42927,10669
36650,10674
42880,10700
39173,10805
48330,10820
43577,10821
48330,10823
38957,10856
47089,10861
43580,10876
46927,10878
39835,10920
41017,10921
44478,10922
44478,10923
42879,10965
38714,10968
37583,10969
47139,10984
41016,10989
42928,11064
47080,11113
41782,11156
42069,11202
40114,11256
38839,11303
44024,11325
42278,11327
48217,11329
48217,11330
47084,11348
48041,11351
37522,11380
36513,11394
44855,11404
43282,11405
42928,11406
46021,11407
40052,11408
42929,11412
36907,11413
36618,11414
37332,11463
37888,11498
36938,11544
38843,11545
47076,11546
39786,11554
44855,11555
45133,11561
38958,11574
37587,11580
38831,11585
39858,11586
36732,11590
39170,11594
39552,11595
42879,11610
49678,11614
39644,11618
36899,11664
36907,11665
48626,11672
42274,11673
40930,11674
37581,11675
42931,11676
41739,11677
40598,11686
40598,11687
38970,11695
40929,11699
38337,11725
44478,11726
39930,11729
39451,11739
38832,11755
42274,11757
41839,11766
36624,11767
48625,11785
36640,11803
40635,11858
41013,11871
42730,11872
41474,11873
41785,11874
39802,11883
46923,11891
42275,11894
39552,11895
48221,11916
36650,11937
38940,11962
38945,11963
36649,12011
44941,12013
38946,12064
37720,12066
39549,12074
38846,12079
41840,12080
38715,12081
39846,12088
39846,12089
39735,12105
40099,12132
48041,12144
42278,12158
49678,12175
44713,12176
40974,12197
45970,12203
40740,12204
45427,12205
38160,12270
37882,12275
36896,12276
39930,12280
41016,12404
36922,12405
47023,12406
38728,12408
48221,12414
47057,12445
47054,12446
39786,12487
46030,12629
43285,12651
43285,12652
40635,12655
44958,12656
42034,12658
36938,12662
49678,12666
43852,12668
41013,12728
36649,12760
48036,12761
38970,12762
48624,12763
40114,12816
40597,12889
38654,12915
48930,12937
45977,12964
45979,12965
48640,12992
48629,12993
45974,12994
42275,13000
45978,13003
45975,13004
45972,13021
45980,13022
39551,13059
37789,13065
45976,13091
45973,13092
37581,13106
41474,13124
45434,13144
36914,13281
42634,13311
46026,13323
44950,13324
42034,13331
41017,13332
37892,13379
38837,13441
43188,13442
42642,13451
40931,13509
39734,13518
39553,13520
39553,13521
45847,13580
45849,13581
48639,13593
48624,13594
48036,13595
38942,13651
42066,13652
36628,13664
47581,13679
37330,13681
46927,13693
42640,13699
46802,13702
40974,13730
43852,13741
38715,13742
37326,13752
38715,13770
45133,13812
41014,13823
44572,13856
46021,13879
42845,13880
42845,13881
36512,13884
37586,13907
41738,13921
36647,13941
41424,13945
43852,13946
42751,13947
36649,13948
44186,13953
42751,13954
42751,13956
47705,13957
37581,13986
39835,13992
39826,13993
39835,13994
48221,14028
49533,14076
41842,14079
41017,14090
39567,14142
42317,14158
44950,14213
44950,14216
36730,14249
48624,14253
36922,14254
37324,14257
37329,14260
42099,14267
37788,14271
40081,14278
40080,14279
45971,14280
39912,14281
37521,14299
44933,14322
40695,14323
36625,14324
36618,14333
38654,14336
38942,14359
47025,14409
39563,14419
39566,14420
39173,14427
40827,14457
43187,14465
45647,14468
42275,14469
43286,14502
38161,14520
45501,14533
47259,14541
42457,14542
46814,14543
48632,14544
48635,14545
38728,14550
36514,14556
37329,14574
37892,14587
36510,14588
39649,14593
40827,14608
36637,14629
39733,14667
46924,14687
42277,14688
37325,14700
42150,14718
36649,14720
48631,14721
38946,14724
47139,14725
36911,14741
37888,14787
37888,14802
36907,14837
36931,14855
37391,14947
39843,14948
38915,14953
37331,14969
39577,14971
44370,14998
46823,14999
41473,15034
40053,15056
48635,15057
48632,15058
45852,15100
45854,15101
36906,15121
45238,15133
38944,15153
42277,15166
41171,15169
42879,15170
44604,15207
39577,15221
37580,15250
47142,15291
44941,15292
39806,15293
45853,15297
45853,15298
39860,15326
39860,15327
38101,15329
45846,15353
45848,15356
37324,15357
43281,15359
43281,15360
45850,15362
45647,15390
42862,15466
41272,15467
43852,15520
48331,15542
37334,15600
42150,15615
46925,15616
37335,15617
42774,15619
42150,15629
36930,15637
42629,15642
39173,15653
44401,15684
45489,15692
40661,15740
46338,15746
37333,15750
42317,15751
43088,15752
42048,15753
43088,15754
38915,15762
36928,15763
45852,15770
37323,15772
37328,15773
46926,15774
38735,15778
36510,15796
37327,15798
44229,15817
39847,15818
46802,15828
36650,15832
40049,15834
39173,15836
48632,15841
48635,15842
37587,15851
47076,15856
41830,15879
41785,15881
37327,15900
39807,15907
44950,15923
36926,15924
36621,15925
40079,15927
40079,15928
44950,15947
40082,15951
40082,15953
40082,15954
40082,15957
40082,15958
40082,15959
48637,15961
37888,15965
37888,15966
47055,15982
47057,15983
44711,15984
43187,15985
39836,16036
39645,16037
38735,16049
36514,16067
37777,16073
42628,16099
38843,16100
39173,16105
47361,16116
36627,16168
47717,16179
39170,16185
44701,16197
42277,16202
36938,16242
42408,16276
45972,16283
45974,16284
42278,16301
42275,16302
39174,16304
39173,16328
39553,16336
47085,16377
40053,16381
47361,16383
38734,16406
39857,16409
37586,16410
42634,16417
41739,16429
36932,16448
46815,16449
39577,16453
36937,16454
38727,16459
43281,16517
42928,16520
43281,16534
43281,16535
42927,16537
41739,16538
41129,16539
41783,16551
43852,16557
39827,16561
41739,16562
42318,16563
40054,16564
46823,16572
43285,16574
39317,16575
48929,16576
42069,16583
39553,16589
48630,16592
47739,16616
42279,16681
40598,16686
42934,16687
43580,16688
42642,16705
44593,16717
46923,16719
36937,16725
36907,16733
40053,16751
48938,16753
48938,16754
48938,16755
48938,16756
48634,16757
44476,16763
43190,16771
44604,16774
38101,16807
38837,16823
39450,16824
38002,16825
40928,16826
36511,16849
36512,16850
37787,16854
38161,16859
47088,16867
37330,16871
46928,16914
40741,16926
36910,16932
48632,16979
41473,17035
43188,17064
36630,17079
45850,17089
40974,17093
40759,17107
44854,17157
40634,17161
37586,17182
36926,17184
37334,17188
38728,17289
44701,17297
43852,17299
44522,17315
44385,17316
47717,17321
40273,17322
40455,17323
42645,17325
40455,17333
49678,17371
43191,17372
41423,17373
48936,17394
48036,17397
48935,17398
48935,17399
48935,17400
48631,17401
40053,17402
36907,17421
40455,17444
40455,17445
43088,17447
47392,17448
47739,17463
47142,17478
37993,17479
39825,17480
36623,17481
39827,17482
37993,17483
37993,17484
48626,17500
39647,17501
38728,17524
38727,17541
48221,17547
42637,17548
43735,17556
42276,17563
48036,17582
38832,17588
37827,17621
43852,17623
40758,17658
37331,17678
39175,17679
36932,17681
36730,17692
37323,17719
48635,17735
39176,17747
40456,17797
45982,17802
36649,17804
43188,17808
36919,17812
43187,17827
42035,17847
49532,17848
48361,17849
48635,17863
43187,17883
40975,17893
42751,17912
43852,17913
42751,17915
48042,17934
42278,17944
40053,17945
38073,17976
36722,18023
36907,18028
38833,18053
36625,18070
48634,18091
42931,18092
48639,18095
47259,18096
45851,18104
42879,18105
49678,18111
43281,18135
45848,18136
40639,18141
42629,18157
42811,18176
42511,18178
43088,18224
48639,18258
42629,18267
48933,18270
48934,18368
36896,18373
39834,18376
48636,18377
47025,18379
45855,18380
45855,18381
48216,18382
36720,18403
37581,18404
42035,18432
38845,18436
41474,18454
36722,18455
42880,18456
43340,18531
43341,18651
44958,18656
37888,18682
39173,18703
43281,18729
39549,18731
45978,18774
45971,18777
40974,18782
47063,18799
39175,18810
41785,18813
38735,18823
37580,18897
38654,18915
47395,18969
48631,18978
44701,19014
44231,19027
41274,19047
42274,19061
47079,19065
36516,19067
38726,19103
42774,19116
43728,19188
38915,19214
39173,19233
42628,19249
36631,19257
36514,19299
39173,19326
36881,19333
45473,19348
42773,19356
42628,19361
39847,19371
45473,19384
40974,19385
38735,19391
40977,19392
38932,19393
38726,19394
39659,19395
38726,19396
42274,19397
42628,19401
41719,19405
42274,19412
42628,19414
48035,19415
37333,19417
39811,19449
37586,19450
41734,19451
43281,19466
37586,19488
37586,19494
39930,19498
37586,19508
42274,19513
39810,19517
36645,19518
37578,19519
37586,19564
40050,19566
45226,19567
39831,19571
37586,19572
37586,19602
39819,19603
39828,19604
44389,19605
45647,19606
42320,19616
37586,19621
39829,19622
44388,19627
39825,19634
45647,19636
39829,19637
36934,19639
47080,19644
40114,19645
37586,19654
44388,19668
39824,19670
45647,19671
47543,19676
44231,19679
37586,19686
39803,19691
39815,19692
37586,19693
42439,19703
42439,19704
37890,19714
45647,19716
39859,19717
46943,19718
45647,19722
37586,19723
37586,19739
39852,19740
46928,19754
42628,19755
48036,19757
48936,19772
37890,19773
36720,19776
47543,19778
47071,19781
37579,19787
42628,19797
36649,19819
39805,19820
37586,19821
39849,19822
42278,19824
38838,19834
42636,19851
42629,19867
45236,19873
40635,19923
41720,19928
36914,19938
46336,19983
40827,19991
47395,20007
42051,20030
42637,20077
47086,20123
37586,20165
48928,20181
38714,20209
36936,20210
39648,20223
48635,20225
37332,20228
42322,20232
42628,20234
36514,20237
46924,20238
42644,20251
42276,20268
37153,20272
37581,20273
37581,20274
39649,20282
44950,20306
38716,20309
44928,20321
48738,20322
43187,20324
49640,20325
41720,20328
44941,20360
43190,20361
39856,20362
42877,20363
44950,20364
41720,20370
48634,20376
44950,20388
44950,20397
45971,20408
42054,20414
44950,20416
45647,20427
42751,20428
42323,20431
38724,20434
39803,20462
48634,20471
37583,20478
47084,20484
41839,20520
42644,20531
42930,20538
46926,20539
38711,20565
38733,20571
39173,20580
39646,20582
36937,20621
38835,20627
43852,20628
39842,20629
42751,20648
42387,20649
38841,20668
44701,20736
48628,20745
37722,20775
43281,20781
44950,20809
42439,20824
47705,20827
39820,20828
38735,20851
42825,20903
40976,20932
42751,20936
36639,20937
45781,20947
38715,20980
42511,21062
49678,21078
39573,21091
42542,21092
39567,21093
36628,21145
44370,21174
44849,21175
40640,21176
41474,21207
36913,21222
45647,21226
38832,21251
38832,21252
40638,21297
39566,21298
40637,21299
39564,21300
42510,21301
38969,21317
36877,21349
36919,21405
42751,21412
41171,21415
37582,21422
41720,21438
37153,21441
42848,21449
42848,21450
36516,21495
39567,21510
49365,21511
37586,21566
39832,21567
36649,21582
42275,21595
48937,21616
41720,21628
38830,21676
44854,21680
39317,21704
44950,21722
39171,21736
43340,21740
47739,21764
40639,21773
41719,21776
42051,21777
43188,21800
48216,21811
44701,21812
39172,21825
38832,21836
40636,21839
48624,21840
40046,21844
37586,21846
39839,21847
36621,21866
37587,21878
46823,21909
43726,21923
36638,21924
47395,21933
36649,21945
49678,21947
38843,21966
42322,21969
45973,21975
49533,21981
38725,21991
44950,22010
36923,22013
42643,22019
42638,22020
41171,22033
39820,22046
36649,22059
39647,22082
39838,22101
43187,22111
40931,22114
44950,22122
48639,22191
47704,22208
39174,22225
36907,22234
47582,22235
49532,22236
39318,22239
36512,22243
39835,22251
39847,22252
44703,22253
49678,22260
43191,22261
36928,22362
38915,22363
40661,22385
36649,22414
49678,22431
39823,22435
44389,22469
43576,22470
44263,22494
46129,22524
48036,22553
42629,22586
42629,22609
42321,22622
42811,22623
46461,22625
36622,22642
42276,22652
40053,22668
48630,22670
48938,22674
42629,22676
45980,22695
45979,22696
48626,22703
43190,22749
43729,22766
42439,22781
36915,22785
37334,22840
42068,22842
38830,22848
39736,22914
44950,22951
42629,22982
49208,22988
41720,23015
37579,23017
41785,23018
44950,23021
44282,23116
37586,23117
39810,23118
49708,23183
42751,23184
37324,23191
40642,23195
38715,23206
43730,23243
36649,23246
45426,23247
37576,23248
36907,23250
45679,23263
48850,23279
38726,23285
38728,23288
45781,23326
45785,23329
48626,23333
48632,23355
36644,23365
47083,23374
39751,23379
47083,23391
38725,23405
42384,23428
42050,23437
37619,23442
41719,23443
40272,23444
42751,23445
42751,23446
48637,23447
42053,23448
41720,23449
42049,23453
37325,23483
48036,23490
40047,23491
48216,23495
44701,23502
44701,23504
44701,23506
44701,23507
48632,23515
41720,23517
39549,23557
45785,23603
42150,23612
39171,23628
47582,23645
41272,23666
37581,23668
38926,23683
46030,23693
42751,23714
41720,23733
38735,23754
43190,23760
39318,23761
41719,23792
40046,23811
40051,23821
39552,23822
41602,23826
42880,23838
44369,23839
38160,23842
42643,23856
42054,23872
41785,23891
44950,23892
48936,23925
47025,23928
44928,23935
43188,23936
43282,23937
39571,23940
39170,23947
38101,23950
40598,23999
42931,24001
48331,24015
39838,24031
45501,24035
44849,24050
43341,24055
39570,24057
48216,24071
47361,24084
37153,24087
44941,24116
48640,24119
48928,24124
40974,24160
39841,24246
41830,24271
48939,24292
44696,24305
49678,24314
37720,24329
42279,24331
44701,24337
44701,24338
42636,24343
48216,24346
48631,24399
48939,24422
38846,24430
37586,24441
41783,24450
40079,24492
38715,24515
36728,24516
45785,24556
48640,24593
38162,24630
42279,24633
44230,24652
44933,24659
47395,24695
45647,24711
36645,24719
42035,24732
42752,24734
42751,24735
43734,24757
46462,24760
42276,24864
44024,24885
40661,24909
47088,25035
47086,25036
47077,25037
41719,25045
37722,25054
37323,25093
39712,25149
44950,25155
48221,25156
44950,25159
42275,25191
48938,25202
45647,25216
45238,25217
45976,25238
48627,25254
36651,25267
36620,25329
39828,25344
38835,25360
48041,25381
39910,25412
42635,25429
43297,25467
45854,25468
42286,25481
37622,25484
40976,25497
39733,25504
40740,25512
48639,25549
48632,25550
44950,25556
38969,25564
40456,25576
39173,25583
36511,25596
41841,25598
43281,25601
41739,25634
45434,25666
48036,25690
36936,25693
42751,25696
42628,25734
48641,25758
42277,25774
48638,25795
38844,25805
38829,25868
46925,25881
48930,25933
48930,25934
44950,25941
49328,25959
38969,25981
39571,25990
47582,26023
36624,26106
39838,26115
44941,26118
45785,26188
47392,26211
42387,26258
42385,26259
42386,26260
39173,26339
39841,26345
48930,26356
41783,26367
47139,26368
49531,26378
45647,26382
45473,26387
43187,26404
48938,26414
45647,26424
41738,26447
43297,26449
44604,26450
43281,26454
48350,26461
42877,26484
42511,26526
42812,26527
42067,26541
48639,26562
37326,26582
44694,26593
41842,26626
36881,26635
44024,26650
47085,26659
49328,26669
47089,26672
49808,26674
49808,26677
47078,26679
48635,26683
36646,26698
45647,26723
39818,26728
42751,26731
42751,26732
45851,26753
37580,26761
42629,26777
44950,26800
48634,26817
37723,26820
42878,26831
42876,26844
43281,26853
42511,26861
39847,26885
47717,26886
41841,26890
44950,26893
44950,26928
44846,26937
43852,26951
48937,26957
40082,26963
40082,26964
40082,26965
40082,26966
43297,26967
37391,26970
48931,26971
48635,26973
47395,26976
45647,26979
48632,27012
48041,27015
48927,27038
42773,27046
38969,27084
39847,27090
39847,27091
44950,27117
39804,27145
37586,27146
44950,27163
39853,27176
37586,27177
42751,27178
45647,27179
38941,27211
42035,27222
48624,27225
48639,27230
42035,27233
47086,27235
43735,27250
40079,27253
37786,27254
39909,27255
39845,27257
37586,27258
46558,27287
37627,27290
39853,27306
39838,27307
47395,27318
39646,27349
37326,27350
44855,27354
44958,27365
48631,27373
48636,27374
48930,27375
39169,27449
42276,27460
47063,27519
37826,27551
38385,27582
38831,27586
39786,27605
43281,27632
47142,27643
45433,27679
44941,27698
42511,27716
48904,27723
49513,27739
44475,27740
42641,27756
42641,27757
46823,27785
42751,27790
42878,27807
37520,27817
43189,27834
48621,27835
48624,27841
42849,27843
48939,27853
38725,27951
42457,27976
44187,28010
38732,28013
42067,28031
48639,28033
48632,28034
42383,28038
46686,28056
37720,28114
38733,28119
48339,28157
48362,28158
36727,28175
38001,28183
39931,28184
36652,28185
48935,28245
40929,28249
38002,28250
49678,28291
44950,28333
40977,28341
36514,28343
48635,28356
41016,28358
44371,28374
45647,28401
42846,28403
42846,28404
37586,28406
47057,28409
39317,28417
47054,28418
41781,28419
38001,28432
41719,28454
37992,28473
44024,28481
47582,28503
36617,28519
39573,28533
39847,28548
36927,28559
40114,28562
41271,28567
40661,28580
38101,28592
45489,28609
46338,28612
44245,28665
48621,28674
44854,28679
44950,28681
43728,28700
44245,28701
44367,28702
44369,28703
42510,28742
39853,28743
48041,28748
42541,28750
39910,28756
44854,28770
44712,28772
44712,28773
44367,28779
47056,28780
40639,28781
43187,28783
46686,28784
40639,28786
44478,28803
37331,28809
44950,28819
36651,28822
37581,28827
48633,28841
45802,28847
45226,28855
38726,28860
39786,28873
39810,28886
38385,28922
36881,28958
44950,28994
42279,29000
39570,29029
37335,29032
36649,29045
42878,29060
36900,29061
36649,29075
44950,29095
46462,29122
44950,29142
36649,29161
43341,29166
36877,29188
39816,29221
37586,29222
49678,29272
40639,29325
39569,29356
37826,29358
49678,29381
44694,29382
39569,29446
36648,29456
40639,29465
45802,29466
40639,29481
36910,29507
40597,29532
36620,29557
44704,29572
38733,29584
39841,29617
44186,29633
45434,29636
44950,29653
44950,29662
48037,29691
44855,29695
37826,29725
42811,29726
48216,29734
47486,29746
42875,29747
38834,29764
42439,29771
44950,29776
44950,29782
46129,29785
43854,29801
49678,29809
40598,29810
44704,29816
47084,29827
38002,29851
45647,29863
39807,29864
42751,29873
36627,29892
43281,29899
42880,29935
44245,29951
45847,29960
43281,29982
36919,30006
39426,30043
42638,30051
43281,30102
49678,30129
46461,30136
39835,30142
40229,30158
43340,30186
40927,30193
36649,30202
43281,30229
47139,30238
42052,30244
49678,30253
36649,30272
48041,30278
42439,30280
37826,30287
42279,30332
47142,30343
47088,30358
43281,30414
43281,30437
39847,30445
39644,30499
49678,30503
49678,30522
43726,30585
47082,30660
48930,30661
48930,30662
36636,30685
36636,30687
36636,30688
39573,30705
39838,30728
38716,30731
46558,30745
38845,30824
40661,30829
38724,30857
44232,30898
46535,30899
39733,30928
48042,30941
47081,30948
43188,30953
39563,30969
48634,30970
38832,31052
36722,31058
37577,31059
37584,31069
45133,31148
38840,31166
39847,31209
44229,31211
39847,31212
39847,31213
37329,31245
37586,31258
43340,31287
40081,31290
40082,31291
38831,31299
40046,31350
47071,31360
40229,31375
42825,31442
43188,31443
41781,31470
38654,31522
44950,31535
36919,31539
42542,31562
36649,31566
44024,31567
44705,31608
45426,31640
44186,31643
48626,31650
38715,31713
41474,31757
46336,31773
37586,31809
39851,31810
47395,31812
39565,31858
42388,31884
43854,31985
44713,31987
47078,32011
47080,32012
47085,32013
42439,32024
41274,32039
39854,32045
38845,32136
42053,32164
44950,32166
41423,32177
42543,32219
39812,32303
37586,32304
48623,32325
48938,32342
48041,32367
38385,32378
47089,32383
47082,32386
47076,32387
47088,32388
47086,32389
36907,32430
48216,32455
42633,32492
39569,32501
38844,32532
49708,32576
40661,32641
43746,32656
49678,32703
37586,32729
39844,32767
42845,32802
46461,32821
43297,32837
41273,32850
39857,32889
45647,32890
48037,32909
40082,32922
40082,32923
40082,32924
40082,32925
40082,32926
40082,32927
40082,32929
40082,32930
40082,32931
40082,32932
40082,32933
49933,32953
42150,32958
44701,32961
44701,32962
36510,33016
43297,33039
41719,33056
47582,33114
40229,33152
37521,33166
39809,33178
44231,33195
39834,33208
45977,33256
44478,33282
38725,33286
45975,33332
45679,33362
40661,33365
48041,33375
36649,33437
45982,33458
41781,33461
47486,33464
40099,33475
47581,33518
38828,33520
48041,33521
38074,33530
42384,33546
48633,33562
48930,33599
48636,33601
46462,33617
49933,33622
48904,33624
44694,33638
42751,33643
42751,33644
43186,33647
38834,33672
45236,33705
39173,33707
42276,33725
41739,33805
36511,33816
48630,33859
45473,33868
39847,33882
49208,33895
42876,33898
37335,33901
37326,33932
41719,33946
42150,33947
46461,33948
36920,33957
37334,33960
39578,33963
48622,34040
39580,34097
39813,34112
37521,34147
41602,34162
48939,34163
48936,34282
48625,34347
44714,34445
41273,34477
43282,34497
39580,34500
38716,34530
43281,34540
39579,34541
37581,34576
40639,34586
40639,34587
40639,34588
40639,34589
40639,34590
49365,34600
44478,34612
42877,34628
44475,34645
39828,34669
42848,34699
44370,34732
36512,34749
48637,34762
42847,34764
42847,34765
44370,34785
42639,34797
38842,34804
40052,34810
39733,34835
44186,34842
38845,34848
38001,34872
41841,34910
42386,34920
36926,34934
41785,35005
38842,35012
39850,35018
39850,35019
37891,35020
48629,35024
44186,35034
44230,35044
39829,35063
36650,35081
42845,35104
48930,35109
48636,35123
36646,35153
41783,35172
39818,35180
39564,35217
38838,35228
40929,35256
42279,35259
47395,35267
47395,35299
42319,35309
48350,35337
44282,35438
48037,35459
42173,35463
36621,35488
45489,35555
36649,35674
36642,35707
45993,35730
42277,35741
39803,35820
37581,35821
36919,35835
36649,35839
36645,35851
43297,35862
42388,35887
45473,35932
38845,35956
36643,35973
38161,35974
39817,35985
36636,35992
48624,36023
36649,36033
48932,36037
42627,36094
43746,36126
39176,36129
42855,36132
45992,36154
48940,36170
43726,36180
40079,36199
42321,36218
36646,36249
36722,36321
36912,36340
44476,36350
47395,36358
42052,36413
41840,36423
40661,36435
38162,36454
39806,36484
39806,36485
41842,36486
37333,36495
49531,36498
36506,36510
36506,36511
36506,36512
36506,36513
36506,36514
36506,36515
36506,36516
36512,36614
36510,36616
36512,36617
36512,36618
36512,36620
36512,36621
36512,36622
36512,36623
36514,36624
36512,36625
36512,36626
36510,36627
36512,36628
36514,36630
36513,36631
36516,36636
36516,36637
36516,36638
36516,36639
36516,36640
36516,36642
36516,36643
36516,36644
36516,36645
36516,36646
36516,36647
36516,36648
36516,36649
36516,36650
36516,36651
36516,36652
36514,36720
36510,36722
36510,36727
36510,36728
36514,36730
36510,36732
36515,36873
36510,36877
36510,36881
36510,36892
36514,36896
36514,36899
36514,36900
36510,36906
36510,36907
36510,36910
36510,36911
36510,36912
36510,36913
36510,36914
36510,36915
36510,36917
36510,36918
36510,36919
36510,36920
36510,36922
36510,36923
36511,36926
36511,36927
36511,36928
36514,36929
36514,36930
36514,36931
36514,36932
36514,36933
36514,36934
36514,36935
36514,36936
36514,36937
36514,36938
36877,37153
36933,37323
36937,37324
36930,37325
36930,37326
36933,37327
36933,37328
36933,37329
36933,37330
36933,37331
36933,37332
36930,37333
36933,37334
36933,37335
36623,37391
36649,37496
36631,37520
36631,37521
36631,37522
36722,37576
36911,37577
36920,37578
36722,37579
36919,37580
36722,37581
36722,37582
36722,37583
36722,37584
36645,37585
36649,37586
36881,37587
36936,37616
36936,37617
36936,37618
36936,37619
36936,37620
36936,37621
36936,37622
36936,37623
36936,37624
36936,37625
36936,37626
36936,37627
36643,37720
36643,37721
36643,37722
36643,37723
36646,37777
36620,37785
36620,37786
36620,37787
36620,37788
36620,37789
36728,37826
36728,37827
36614,37882
36618,37888
36918,37889
36892,37890
36616,37891
36720,37892
36649,37992
36651,37993
36652,38001
36652,38002
36642,38073
36639,38074
36732,38101
36928,38160
36928,38161
36928,38162
36650,38336
36637,38337
36646,38385
36932,38654
36896,38711
36896,38712
36896,38714
36896,38715
36896,38716
36919,38724
36919,38725
36919,38726
36919,38727
36919,38728
36919,38729
36919,38730
36627,38731
36919,38732
36918,38733
36919,38734
36919,38735
36646,38828
36646,38829
36646,38830
36646,38831
36646,38832
36646,38833
36646,38834
36646,38835
36646,38836
36646,38837
36646,38838
36646,38839
36646,38840
36646,38841
36646,38842
36646,38843
36646,38844
36646,38845
36622,38846
36915,38915
36927,38926
36920,38932
36630,38940
36630,38941
36630,38942
36926,38943
36630,38944
36630,38945
36630,38946
36618,38957
36618,38958
36934,38968
36730,38969
36938,38970
36730,39169
36730,39170
36730,39171
36730,39172
36730,39173
36730,39174
36730,39175
36730,39176
36730,39177
36647,39317
36649,39318
36873,39347
36900,39426
36637,39450
36637,39451
36626,39549
36626,39550
36626,39551
36626,39552
36627,39553
36642,39563
36642,39564
36642,39565
36642,39566
36642,39567
36642,39568
36642,39569
36642,39570
36642,39571
36642,39572
36642,39573
36937,39577
36926,39578
36937,39579
36937,39580
36907,39643
36907,39644
36907,39645
36907,39646
36907,39647
36907,39648
36907,39649
36911,39659
36922,39712
36617,39733
36617,39734
36935,39735
36617,39736
36938,39750
36935,39751
36638,39785
36638,39786
36649,39802
36649,39803
36649,39804
36649,39805
36649,39806
36649,39807
36649,39808
36649,39809
36649,39810
36649,39811
36649,39812
36649,39813
36649,39814
36649,39815
36649,39816
36649,39817
36649,39818
36649,39819
36649,39820
36649,39821
36649,39822
36649,39823
36649,39824
36649,39825
36649,39826
36649,39827
36649,39828
36649,39829
36649,39830
36649,39831
36649,39832
36649,39833
36649,39834
36649,39835
36649,39836
36649,39837
36649,39838
36649,39839
36649,39840
36649,39841
36649,39842
36649,39843
36649,39844
36649,39845
36649,39846
36649,39847
36649,39848
36649,39849
36649,39850
36649,39851
36649,39852
36649,39853
36649,39854
36649,39855
36649,39856
36649,39857
36649,39858
36649,39859
36649,39860
36621,39909
36621,39910
36621,39911
36621,39912
36918,39930
36640,39931
36648,40046
36938,40047
36938,40048
36938,40049
36938,40050
36938,40051
36938,40052
36938,40053
36938,40054
36926,40079
36926,40080
36926,40081
36926,40082
36727,40099
36923,40114
38831,40229
37621,40272
37618,40273
37616,40455
37621,40456
37324,40597
40048,40598
37723,40634
37723,40635
37723,40636
37723,40637
37723,40638
37723,40639
37723,40640
37723,40641
37723,40642
38725,40661
37826,40695
39931,40740
38915,40741
38915,40742
38915,40743
37621,40758
37620,40759
38716,40827
38002,40927
38002,40928
38336,40929
38002,40930
38002,40931
38726,40974
38726,40975
38726,40976
38726,40977
39553,41012
39553,41013
39553,41014
39553,41015
39553,41016
39843,41017
39552,41129
40080,41130
38957,41171
40051,41230
39572,41271
39566,41272
38943,41273
38943,41274
38833,41423
39856,41424
37583,41473
37583,41474
38844,41602
37621,41719
37623,41720
37496,41734
37324,41738
40048,41739
38945,41781
39734,41782
38940,41783
37579,41785
37581,41829
37581,41830
38716,41839
38716,41840
38716,41841
38716,41842
39578,42034
39580,42035
37617,42048
37627,42049
37624,42050
37333,42051
37626,42052
37621,42053
37625,42054
38941,42066
37330,42067
37324,42068
40048,42069
39177,42099
40048,42150
39347,42173
37333,42274
37329,42275
37323,42276
37326,42277
37325,42278
37328,42279
38841,42286
40052,42317
39750,42318
39751,42319
39750,42320
39750,42321
39750,42322
39750,42323
39570,42383
39569,42384
39563,42385
38073,42386
39571,42387
39565,42388
37324,42408
38832,42439
37324,42457
39564,42509
39572,42510
38969,42511
39572,42541
39567,42542
38073,42543
40047,42627
40047,42628
40047,42629
39569,42633
39569,42634
39572,42635
39176,42636
39176,42637
39176,42638
39176,42639
39176,42640
37333,42641
39176,42642
39176,42643
39176,42644
37627,42645
38945,42730
39856,42751
39856,42752
39856,42753
38729,42773
40114,42774
37827,42811
37827,42812
37324,42825
39817,42845
39817,42846
39817,42847
39817,42848
38837,42849
39821,42853
39821,42854
39821,42855
39821,42856
39821,42857
39821,42858
39821,42859
39821,42860
39821,42861
39821,42862
39570,42875
39572,42876
39570,42877
39570,42878
39570,42879
39567,42880
40053,42927
40053,42928
40053,42929
40053,42930
40053,42931
39645,42934
37617,43088
39563,43186
39563,43187
39567,43188
39563,43189
39563,43190
39572,43191
39786,43281
38833,43282
38833,43284
38833,43285
38833,43286
39855,43297
39571,43340
39565,43341
39552,43576
39552,43577
40052,43580
40052,43581
38336,43726
39571,43728
39565,43729
39573,43730
37325,43734
37324,43735
39578,43746
39571,43852
39571,43853
39571,43854
39571,43855
39175,44024
39573,44186
39573,44187
39573,44188
39573,44189
39912,44226
39847,44229
39847,44230
39847,44231
39847,44232
40046,44245
37324,44263
39810,44282
37721,44343
40046,44367
40046,44368
40046,44369
40046,44370
40046,44371
37624,44385
39828,44388
39828,44389
37324,44401
39565,44475
39565,44476
38337,44478
37619,44522
40049,44572
37625,44593
43852,44604
43284,44694
43728,44696
43284,44701
43284,44703
43284,44704
43191,44705
40639,44711
44371,44712
40639,44713
40639,44714
41783,44846
40642,44849
43191,44854
43285,44855
43187,44928
40695,44933
42856,44941
42320,44950
43187,44958
43576,45133
43581,45226
42860,45236
42640,45238
44226,45426
44226,45427
42286,45433
42286,45434
43187,45473
42853,45489
42318,45501
42855,45647
41274,45679
42639,45781
42099,45785
40641,45802
43281,45846
43281,45847
43281,45848
43281,45849
43281,45850
43281,45851
43281,45852
43281,45853
43281,45854
43281,45855
40740,45970
41130,45971
41130,45972
41130,45973
41130,45974
41130,45975
41130,45976
41130,45977
41130,45978
41130,45979
41130,45980
41720,45982
41423,45983
44371,45992
44371,45993
43581,46021
42511,46026
43576,46030
43581,46129
44401,46336
43581,46338
44368,46461
40634,46462
43576,46535
40975,46558
43187,46686
43581,46802
42275,46814
43581,46815
42861,46823
43581,46923
42277,46924
42150,46925
43581,46926
42069,46927
42274,46928
42753,46943
43576,47023
43187,47025
43187,47054
43187,47055
43187,47056
43187,47057
42730,47063
43286,47070
42274,47071
40742,47076
40742,47077
40742,47078
40742,47079
40742,47080
40742,47081
40742,47082
40742,47083
40742,47084
40742,47085
40742,47086
40742,47087
40742,47088
40742,47089
41781,47139
42854,47142
42150,47259
42858,47361
43088,47392
42323,47395
42857,47486
42636,47543
42068,47581
42068,47582
42751,47704
42751,47705
42859,47717
42322,47739
42627,48035
42627,48036
42627,48037
42319,48041
44282,48042
43286,48216
43286,48217
43576,48221
43576,48330
43576,48331
41273,48339
43735,48350
42034,48361
42034,48362
48037,48621
48037,48622
48037,48623
48362,48624
48037,48625
48037,48626
48037,48627
48037,48628
48037,48629
48037,48630
48037,48631
48037,48632
48037,48633
48037,48634
48037,48635
48037,48636
48037,48637
48037,48638
48361,48639
48037,48640
48037,48641
44854,48738
47087,48850
47087,48851
48035,48904
48035,48927
48035,48928
48035,48929
48035,48930
48035,48931
48035,48932
48035,48933
48035,48934
48035,48935
48035,48936
48035,48937
48035,48938
48035,48939
48035,48940
47083,49177
47077,49208
47079,49328
47081,49365
47078,49513
45427,49531
45427,49532
45427,49533
47056,49640
44854,49678
44958,49708
47082,49807
47082,49808
47055,49883
47084,49933
